period,total_load,total_max_gen,total_min_gen,renewable_available,thermal_needed,thermal_min,infeasible,likely_cause
1,3403.8880490000006,14549.8,3775,2495.8,908.0880490000004,1279.1999999999998,True,min_gen_exceeds_load
2,3335.0440969999986,14549.8,3775,2570.5,764.5440969999986,1204.5,True,min_gen_exceeds_load
3,3316.3433050000012,14549.8,3775,2338.7,977.6433050000014,1436.3000000000002,True,min_gen_exceeds_load
4,3327.595429000001,14549.8,3775,2037.1,1290.495429000001,1737.9,True,min_gen_exceeds_load
5,3450.0042700000004,14549.8,3775,2062.9,1387.1042700000003,1712.1,True,min_gen_exceeds_load
6,3648.6607509999994,14549.8,3775,2003.4,1645.2607509999993,1771.6,True,min_gen_exceeds_load
