period,solved,total_load_mw,total_generation_mw,objective_cost,operating_cost,load_shed_mw,load_shed_pct,load_shed_cost,availability_factor,stress_multiplier
1,True,4765.4432686,2909.9600000000014,92833403.29351465,59239.863514464,1855.4832686000036,38.93621566803607,92774163.43000019,0.2,1.4
2,True,4669.061735799999,2909.9600000000014,88014326.65351401,59239.863514464,1759.1017357999908,37.67570092963411,87955086.78999954,0.2,1.4
3,True,4642.880627,2909.9600000000014,86705271.21351442,59239.863514464,1732.9206269999988,37.324255483168145,86646031.34999993,0.2,1.4
4,True,4658.633600599998,2909.9600000000014,87492919.89351411,59239.863514464,1748.6736005999926,37.53619087740182,87433680.02999963,0.2,1.4
5,True,4830.005977999999,2909.9600000000014,96061538.76351541,59239.863514464,1920.045978000019,39.75245551963206,96002298.90000094,0.2,1.4
6,True,5108.1250514,2909.9600000000014,109967492.43351443,59239.863514464,2198.1650513999994,43.03271805762745,109908252.56999996,0.2,1.4
